4919.247087397471,5564.957695873472,5753.861154481606,6536.474702586046,7203.362640100962,7967.426418553251,8445.505886387644,8669.796721847702,8790.987361309566,8831.261472478658,8808.993362251114,8740.019090843984,8637.251192049509,8506.787427846813,8355.134952503522,8082.761367627034,7903.334895883452,7517.53895463953,7332.365751839581,7142.314569016149,6858.617120023258,6224.26202658988,5788.350786477959,5367.754205432856,5205.649262827681,4726.5142245629695,4424.870469793954,3988.9657280956653,3501.583152045193,3177.921022410389,2870.475262193884,2644.123456989602,2489.7160663195223,2341.849345255181,2084.0509592568274,1618.3191378519239,1557.11811217826,1497.7660495941495,1340.7902416345762,1048.0644958691912,1006.5274536028177,919.3582134419086,796.9740939258976,762.4688232012616,574.842683709623,439.17280753364344,383.84765441048256,365.2688026002461,346.9714548738089,299.0910303445897
4919.247076964651,5740.494788572878,5778.85985510463,6661.815891287366,7253.342060327034,8032.428739430854,8524.272866086154,8761.925046149128,8896.275328574377,8949.735776469446,8940.439675235395,8884.813007801456,8795.241084588508,8677.861103971765,8539.253058165677,8383.732601572274,8111.220771795553,7936.509378326409,7759.7877710939,7383.105896239316,7203.188648760823,6931.473485145971,6664.685855151583,6139.483767913429,5803.536547796362,5391.272858172373,5160.3215388208455,4702.341152621154,4491.886640908365,4066.288466779752,3588.2316203025493,3343.8660431654166,3108.427596321594,2818.462084324233,2606.151250032308,2464.760907697321,2387.525806092475,2197.1165907756417,1902.4479987976795,1623.7356694034816,1519.5580953385104,1468.0918652557311,1370.9838452892195,1182.7319453425293,1050.3180011780819,1014.3990294939102,936.2894614292533,779.6484369501519,751.2057426039106,647.1327467054354
4919.246979179785,5752.156529883218,5803.849759517256,6699.800984918501,7303.31873266308,8097.371945390832,8603.470582046013,8854.053351164306,9001.563840576233,9068.124176827967,9071.973849536236,9029.642730877447,8953.24844678028,8848.962586985032,8723.508721307197,8581.146082328423,8425.788496702056,8157.417021351817,7993.689683532548,7824.360711525471,7554.595970629199,7289.83872684249,7123.552246587435,6865.67626091774,6611.736102399143,6097.992614862081,5777.6124802858185,5469.657851319599,5252.126984532416,4883.665967627211,4606.294627823713,4415.3211915144175,4010.306250618643,3765.7803460813025,3461.7289726689337,3101.6500700922475,3020.7671667984214,2751.4001409972093,2552.9231445027426,2485.328909816897,2362.098077483218,2240.830715228642,2126.214511942672,1960.7380432103728,1696.2362698318448,1548.1227628106847,1506.7134643156255,1465.9711751173347,1378.5346997003626,1294.581869354583
4919.247017891637,5763.818486116051,5828.839747034682,6737.785467255417,7353.300563968742,8162.344667276453,8682.408376861082,8946.181686821,9106.854660111,9186.57332859597,9203.663609085237,9174.416775529597,9111.178156880458,9020.12904521271,8907.836374766659,8778.56366846624,8636.367516781564,8485.794672086387,8227.596831568426,8071.25728213,7912.638756226283,7754.758692062604,7596.929410649294,7343.862626364002,7094.364415832634,6937.361860597969,6697.241710311072,6290.822847658524,5982.738896186074,5684.98822434049,5397.0596413870835,5280.2605621856255,5086.405571573279,4822.515910444238,4568.97652023805,4322.777637920672,4085.56767859836,3857.7797693049824,3634.6536640292315,3422.1848575047534,3219.281094460358,2957.521029506537,2896.176133659648,2712.194072004597,2594.7374538007607,2423.179573325957,2373.3122647067944,2324.4637050148335,2221.2513764568253,2121.5134487998575
4919.2470503030945,5775.480371659742,5853.829230150307,6775.769661472632,7403.279784999008,8332.351804477112,8761.375737201844,9038.309989914245,9212.14300290246,9304.859755053376,9335.273940963878,9319.262910072703,9269.04094794676,9191.147714975392,9092.09367581828,8976.051720234536,8846.943757286697,8709.533663170987,8569.980769604059,8424.857540057505,8172.530232842825,8027.5637831516715,7882.804065197281,7738.247183139989,7593.046508286994,7444.975052473916,7209.552179576217,7074.220226760175,6940.50019294661,6632.862880212399,6508.296820416611,6302.730741574098,5934.693872106503,5743.499002861221,5478.652233442293,5220.732632036737,5126.853288217655,5036.478728806263,4871.294275921016,4637.761836363455,4487.2262357452155,4338.816226295606,4267.3350644017755,4128.467759604961,3924.968213254684,3795.8963012915315,3735.989900745909,3483.973610525411,3366.681611442485,3315.49803969661
4919.247058989345,5787.142108875873,5878.817819126985,6813.754050474196,7651.383213202994,8398.187228622119,8840.146992515354,9130.438273241545,9317.656807087607,9423.633282489936,9466.89208509468,9464.035530014226,9426.977456011466,9362.105866678816,9276.275995852655,9173.4697744405,9057.522502588776,8933.274387995265,8806.81463995998,8674.919363327626,8540.648969210222,8406.93324026147,8273.430322872313,8140.160603355093,7904.944487412508,7769.959455434284,7641.139498387597,7517.007048459012,7394.5395939603795,7275.1221020021585,7158.580678984096,7046.370389538287,6935.895019711985,6741.44943586834,6640.117420007284,6540.156666011901,6359.81169797872,6268.288977114191,6177.340113613622,6089.508316266305,5928.507449360797,5769.768781161104,5541.102564166115,5470.304660646943,5400.723850365595,5334.946988048789,5197.902691384854,4992.183398155274,4863.426239334269,4738.326441049836
4919.247041696992,5798.803986883234,5903.859942546837,6851.738248499575,7802.465660238272,8463.963540882578,9034.040933362012,9338.898326736604,9542.26514906378,9662.812755712492,9720.0436666582,9608.736238227031,9584.912594004194,9533.259566101084,9460.532018236223,9370.885923695096,9268.10244762701,9157.014357530066,9043.715975846391,8924.981873944742,8803.87203757858,8683.486692069388,8562.969813793417,8442.854278125036,8322.269323424654,8198.51284962619,8081.40153089376,7968.8351613544755,7857.918405770194,7750.152715885237,7548.421807678983,7449.177449192963,7351.688157160376,7257.804647897307,7168.150288181413,7170.696180911779,7084.705446458213,7002.737592094369,6921.4391083790315,6843.368467948152,6771.316827872771,6699.502090815896,6632.829336900622,6568.23762506003,6505.1025772516405,6446.016898586177,6389.114281771877,6334.372313625577,6281.993452832729,6231.96457859462
4919.246961423183,5810.465956316616,5928.858894736533,6889.722266145037,7854.441316540363,8637.640825710427,9113.757945971274,9432.192732267556,9648.887440779596,9782.593094651165,9853.323505522516,9877.05555479056,9866.178511129432,9827.19265795201,9766.880311653666,9689.446197129379,9598.668085190577,9499.560999936824,9398.161410502487,9291.209870023185,9181.869203470475,9073.230264553033,8852.513934743174,8745.562068254914,8638.122071344353,8527.441620328156,8423.5367592698,8429.397560885065,8330.423908200426,8234.664635872134,8141.820594194076,8053.381296933882,7966.754773734061,7883.913786782168,7805.167191887355,7727.9962889384005,7654.234141820997,7584.533562597725,7515.548951463445,7449.82345100223,7390.163673930283,7330.788134338315,7276.593611466966,7224.50056810404,7173.887757572491,7127.3601715442455,7083.063815542365,7040.96678392938,7001.247909859091,6963.924109011295
4919.247071578065,5822.127690188949,5953.78697401507,6927.701745201604,7906.421961898555,8704.29939987979,9193.777685671488,9525.487096716071,9755.509810776295,9902.539812937195,9986.59331345377,10023.596695102276,10026.055545866093,10000.465002558663,9953.470762139148,9889.364597967771,9811.913732793886,9726.132461846957,9638.055652046967,9544.43732543666,9448.42079707589,9353.10112989345,9257.808956249335,9276.928855207627,9180.43470783116,9080.759333554652,8987.474387314076,8898.377216237948,8812.24376637991,8729.081041987036,8648.485272098986,8572.384529168701,8497.553713695816,8428.055006320072,8361.601729063517,8296.89688457112,8235.731464228984,8178.650266793155,8122.3037458516765,8069.281660615868,8022.344568618234,7975.762085798238,7934.346038241323,7895.089849335448,7857.363665985097,7823.798538563626,7792.444810150657,7763.367282987205,7736.682033540404,7711.102516955401
4919.247041499023,5833.789390540499,5978.776981083782,6965.68912904624,8060.2395011769795,8880.538903792833,9273.70245300503,9618.781552000499,9862.128764029654,10022.476402629627,10119.868827605276,10170.273453991518,10186.125695700222,10173.65770871227,10140.061217414728,10089.279689658371,10025.157797288748,9952.704071541059,9877.878144318714,9797.654781790667,9836.446284761632,9752.2371385839,9669.670180753981,9587.236939812705,9504.28093281022,9418.62874908868,9338.659786615191,9263.216917334048,9190.2730791809,9120.29892879612,9053.277755115185,8989.985272404003,8929.879944703442,8873.48631369697,8820.451884892345,8769.210934285009,8721.523281756985,8677.943925720088,8633.858631785699,8595.576908688416,8562.17348994097,8529.120576459745,8501.33707034737,8475.664936787616,8451.520343488188,8431.48621675244,8411.317072920274,8394.173446712253,8382.174299861019,8371.490144405892
4919.246925090734,5845.45106068766,6003.767025513752,7003.673471923107,8215.113050908594,8947.981198447698,9353.71461568663,9712.075943180374,9968.753167466266,10142.272920186548,10253.144888403174,10316.87820753496,10346.058111282522,10346.914075754721,10326.646847067854,10289.193660134097,10238.399280588343,10179.351700288596,10117.911038023121,10176.330878197594,10106.397598778018,10036.672541413198,9966.459391012444,9897.531175399408,9828.13850822783,9755.526806936272,9688.589026558493,9746.568265615284,9804.480368921688,9746.605479346857,9690.90287200488,9640.364766752471,9592.797927612584,9548.850176277392,9508.333838273253,9469.601555826952,9434.628611645934,9402.153058188711,9372.977577167472,9347.726716546616,9327.458578080825,9307.58251310808,9292.639411781238,9276.451082054928,9154.756271706818,9148.00300003734,9144.908524322553,9140.577715912319,9140.322186524938,9140.400185863446
4919.246959545713,5857.112846748859,6028.747733651916,7041.654027390612,8268.42403038538,9015.45279124004,9553.45082134411,9927.522046145472,10075.37136542487,10262.221132530336,10386.527349793956,10463.478222867076,10505.916467769559,10520.239417197754,10513.231550218108,10620.229833433821,10582.341323388386,10536.019356035697,10616.708976754198,10690.64086676953,10632.475646095287,10574.819639013293,10516.72055226636,10459.858330004787,10401.850457370285,10342.139972886893,10287.973355263408,10239.019580436681,10191.691518642843,10146.522314188749,10105.295365524129,10069.719622259654,10035.174080422295,10005.105792542125,9977.374529444589,9953.935263628928,9931.754343193186,9914.131946414436,9899.412760471369,9888.470036103443,9877.575236711516,9873.360780255056,9873.718407937482,9871.798114514088,9874.068614458793,9880.272957616276,9888.518163031717,9904.782914338337,9906.13217800154,9906.132208782983
4919.247025009226,5868.77485803665,6053.737463464776,7079.642312909202,8321.732638927062,9082.954320795481,9634.416812884807,10021.982741266787,10309.769731177954,10512.142099247809,10651.253260711903,10875.356643430821,10932.435368786348,10960.83248712847,10967.25435627532,10956.245151910913,11064.95419644557,11164.194179573798,11127.5569267214,11085.393753139953,11040.470452993633,10996.08181327838,10951.335083318498,10906.676910112583,10863.345525420189,10815.975118964201,10775.705325225723,10740.06640971962,10706.171577156012,10676.50476127471,10647.765360029634,10625.180180875255,10603.219511853558,10587.858050711582,10572.623243181824,10561.212087989203,10555.878159797367,10551.344692681243,10549.99652700827,10552.496514801302,10558.86955791782,10563.467039416413,10578.644073923402,10595.592070125713,10599.301934223704,10599.3019708542,10599.301994370528,10599.301985811078,10599.301978700625,10599.301978048396
4919.247030407,5880.436565197447,6078.79822759857,7117.6265580669215,8479.04913828517,9150.289567154949,9715.349286600143,10116.443528673177,10417.501509278936,10633.435467944675,10919.438167844539,11025.6854000255,11096.356563815061,11138.411651924695,11158.567595282135,11297.401615488285,11286.224344552675,11402.049633846735,11379.474113271335,11351.286974620585,11320.361781326947,11289.995809318814,11258.997458424625,11228.74624541892,11198.302842843066,11165.824668577658,11139.505178305692,11117.868236538814,11097.600570352264,11081.097487795814,11068.173017866837,11058.007457531547,11051.80267438988,11049.241999869851,11049.783008099677,11050.696833853897,11058.986361516729,11069.170223427765,11081.559691854705,11098.562136709623,11117.095377823789,11117.095457484398,11117.0954503395,11117.095483029489,11117.095492805163,11117.095481889462,11117.095478881234,11117.095501461994,11117.095474736967,11117.095485777596
4919.246986864679,5892.098317268803,6103.787915610632,7250.076052735155,8533.026723578776,9217.76141934939,9796.31559830171,10210.903740829828,10525.454735586334,10888.250061720948,11055.923806909495,11312.216734253705,11397.644220970747,11454.040002332416,11626.582382778175,11643.321058494572,11646.142447987271,11640.010495159086,11770.122564472933,11755.462890539633,11738.292415444166,11721.87018600241,11704.430593366229,11688.084268514443,11671.843245013273,11653.049813671336,11640.28799063261,11632.115432329201,11626.226249874968,11624.503006310015,11624.450957021196,11629.452838763027,11638.063456674248,11646.507827485724,11662.707247143911,11677.217583251899,11698.267278098834,11722.865538871732,11722.865702816967,11722.86572610546,11722.865720225198,11722.865734570896,11722.865733318611,11722.865748467844,11722.865756191688,11722.86573645214,11722.865752895887,11722.865752607351,11722.865771208915,11722.865738204748
4919.247103181885,5903.760117659263,6128.715803940553,7288.559906504708,8587.004289661463,9285.203628273786,9877.281901437136,10305.363283375189,10896.72315244049,11145.229328059122,11329.152694992812,11464.352629175972,11563.360727317408,11773.816696060881,11822.384635724642,11853.241548885613,11870.071648921878,11878.899984225107,11883.514802859832,12024.428602421673,12021.28562606457,12019.404686003487,12015.608443731611,12012.9719431023,12012.915020977762,12006.949196765368,12008.096739873958,12014.52329494145,12022.864029136445,12034.509645160852,12049.930628791135,12067.77368656914,12087.744468632078,12113.04126417668,12144.028396923875,12150.155106984155,12150.155077298601,12150.155021445567,12150.155054099638,12150.15504639735,12150.155052023823,12150.15504493451,12150.155066073488,12150.155049568248,12150.155060729505,12150.155034090192,12150.155029645739,12150.155040135007,12150.155056137512,12150.155018869153
4919.246981681127,5999.99534257084,6153.7572833561335,7327.0436739043525,8640.980674593668,9352.70585871995,10080.837722456348,10657.159782798877,11006.619537104945,11269.659343250474,11467.42852953875,11616.499793595416,11871.064950030152,11955.829646413089,12018.37427531852,12063.165262819737,12093.911536138725,12116.930006218627,12135.350594874111,12148.870377427185,12159.910412619693,12171.973178791743,12327.973097340675,12339.949597461753,12351.535840398285,12359.57722761337,12376.293622735406,12396.189831639613,12417.78058130191,12443.505496135756,12472.212641641669,12504.770787891011,12537.513318568903,12537.513519946053,12537.513474716001,12537.51347766425,12537.513456230501,12537.513500731819,12537.513482392582,12537.513465054157,12537.513442050054,12537.513477455843,12537.513440152734,12537.51345744055,12537.513466069879,12537.513443110327,12537.513451020155,12537.513424405366,12537.513433478187,12537.513470477881
4919.247035872813,6011.824046700783,6178.69386457425,7365.523568446756,8694.946786006802,9420.13936016807,10162.714972774022,10753.890975641558,11117.116033145645,11394.468044695812,11605.655416118747,11768.569345601882,12038.590045449873,12137.624518432873,12214.429492638379,12273.144234041234,12317.814663592839,12354.022907057239,12387.47696733575,12414.724022851075,12439.985318492445,12464.81958813628,12490.114914710404,12516.871332984289,12540.9444010224,12564.725661332679,12594.940317471135,12627.619618485256,12664.939135164288,12702.128412285369,12734.39717193561,12734.397157921054,12734.397110355669,12734.397072836551,12734.39699683903,12734.397018175758,12734.397024686557,12734.397049152672,12734.397027414423,12734.397027981304,12734.397036661097,12734.397055657573,12734.397009760807,12734.3970144274,12734.397013139971,12734.397024008225,12734.396994274839,12734.397022499385,12734.397004833034,12734.397038671877
4919.246994239007,6023.652440046112,6203.682824134389,7500.483998509783,8748.897938342863,9604.798544657751,10242.418800130628,10850.567419686793,11227.694120703705,11518.676587659334,11744.04817350468,11920.69053904311,12206.762966226703,12319.597105112105,12410.184356212545,12482.824523760748,12541.723124761515,12593.204878141043,12639.250050224773,12680.537741242666,12720.02256162691,12758.832007647228,12798.281916312126,12837.641513241848,12877.061064197796,12914.4823158065,12955.693024940656,13004.344027137977,13043.782673459724,13043.782877737378,13043.782847875722,13043.782676896759,13043.782689832826,13043.782677988942,13043.782696054743,13043.782688470521,13043.782695678552,13043.78266219856,13043.782648835368,13043.782655127934,13043.782706746384,13043.782662382142,13043.782671921203,13043.782702455284,13043.782670021088,13043.782663064248,13043.782674670068,13043.782685123273,13043.782697992921,13043.78264929495
4919.247072866283,6035.480723368476,6228.735720281374,7539.4618708542575,8802.832633518916,9673.069688635142,10452.054649879605,10945.982913864606,11338.372545926277,11643.40812413604,11882.346082453372,12072.653328559927,12374.65102884939,12501.626160346532,12606.22640689046,12692.945518633791,12765.620944048698,12830.067565462858,12891.02904840737,12946.542414482348,12999.804847262447,13051.986138709517,13106.421743873438,13157.940462496583,13210.221931888811,13261.733462026648,13320.371401233551,13320.368694562476,13320.368548748342,13320.368503985874,13320.368426714545,13320.368400624338,13320.36845433934,13320.36842392778,13320.368468232597,13320.368409651504,13320.36842178799,13320.368457186853,13320.36841157351,13320.368450497048,13320.368452151839,13320.368414354341,13320.368433253368,13320.368429768449,13320.3684291579,13320.36843031229,13320.368443402156,13320.368423014315,13320.368381370079,13320.368424844657
4919.247039277239,6047.309220041304,6253.651989171127,7578.418293630869,8856.761999253822,9741.33227330576,10532.689191804735,11042.611557733057,11448.861272585295,11767.855238278698,12020.653408289027,12224.94976655032,12542.483703777696,12683.704523854323,12802.259946553166,12902.954149358431,12989.529601583034,13068.941110648968,13142.8197482612,13212.475187213924,13278.823450912187,13346.44142590725,13411.490899367747,13477.687301442476,13543.86903720288,13566.121622950008,13566.121420017607,13566.121342204666,13566.12126015244,13566.121293932229,13566.121340669406,13566.12128302695,13566.121307329493,13566.12132412798,13566.121286199073,13566.121315999448,13566.121299291155,13566.121295761739,13566.121253366176,13566.121276187483,13566.121260021919,13566.12130224128,13566.121290940517,13566.121296096175,13566.121281155296,13566.121307105526,13566.121278142384,13566.121276291233,13566.121296487963,13566.121286134554
4919.24704381423,6059.1375648297235,6278.641398078475,7617.351094438308,8910.675379980969,9809.697633560285,10615.703130497262,11139.216196830652,11560.076719481664,11892.04657342225,12159.009244280125,12376.965438092395,12710.581474459148,12865.717998427166,12998.136143888809,13112.501704709248,13213.610517303452,13306.973933474565,13395.015610215209,13478.267328612306,13558.364149181614,13636.6375130911,13716.792832920532,13782.343943064101,13782.347670858348,13782.347639306365,13782.347770220564,13782.347830395343,13782.347815952282,13782.347831049901,13782.347808784818,13782.347808601793,13782.34782009618,13782.34778534498,13782.3478182639,13782.347808038028,13782.347799502193,13782.347823645101,13782.34781721322,13782.347803008248,13782.34785531173,13782.347770205135,13782.347816439955,13782.347753059177,13782.347786145361,13782.347796995467,13782.347793593945,13782.347792763296,13782.347840986253,13782.347759765775
4919.246868585053,6070.957723381632,6303.636869440191,7656.266956625246,9075.237418616494,9877.888428278839,10696.082682098804,11234.902882407196,11671.771590546796,12016.156359348792,12296.957392330263,12529.146825529548,12878.45511587973,13047.80444641146,13194.039418449984,13322.496719477107,13434.885427537496,13544.552598830525,13647.114871246244,13742.426441054151,13836.322590561658,13926.723061412598,13968.877399673389,13968.877864565593,13968.877818786577,13968.877946593846,13968.878009123962,13968.877993692258,13968.877979458,13968.877994516833,13968.877969723146,13968.877993270404,13968.87800647012,13968.877974359062,13968.877961110966,13968.878004594411,13968.87799843362,13968.877991049243,13968.877977991859,13968.877973965222,13968.877959802194,13968.877986123623,13968.878015000311,13968.878002458408,13968.877974695255,13968.877958695748,13968.877974458463,13968.877984180872,13968.878003264272,13968.87802722948
4919.2471429001835,6082.751269933185,6328.672552389913,7688.842822125694,9129.78416387903,9946.1196504231,10778.816272773502,11332.440265628913,11781.062082008211,12140.95832322613,12435.321029388855,12680.983078611052,12891.253967231401,13229.572031592154,13389.89851961321,13532.1695400018,13660.106729715893,13782.171402909134,13897.643396649179,14006.809113182806,14115.317107010682,14130.589482762372,14130.589662314302,14130.589786379223,14130.589895222573,14130.589881028214,14130.589923301788,14130.589897142661,14130.589909517053,14130.589901169114,14130.589908974256,14130.589913610138,14130.589897755532,14130.589908437729,14130.589908313263,14130.589899448802,14130.589935999384,14130.589923922533,14130.589885159608,14130.58991994482,14130.589879702493,14130.589898809816,14130.58991114235,14130.589906442392,14130.589870970576,14130.58989216108,14130.589906935495,14130.589888485943,14130.589913318569,14130.589891099604
4919.246991635318,6094.482734122783,6353.588206677448,7727.779477491904,9073.190121673271,10014.335718971424,10863.311264136637,11428.087981467628,11891.695969649907,12265.313096270494,12573.743876565271,12833.017605781857,13057.049647663645,13411.52382603643,13585.679377569882,13742.139185482562,13884.164755003412,14020.93094917626,14145.712004094148,14263.531925447114,14263.535887828975,14263.536115904535,14263.536293791689,14263.53643525733,14263.536438197447,14263.536440634025,14263.536440962935,14263.536442809838,14263.536426211456,14263.536441611528,14263.536437631476,14263.536401422483,14263.536407743924,14263.536410389184,14263.536408287728,14263.536405912251,14263.536419291398,14263.536416992394,14263.536401791654,14263.536394835115,14263.536414493277,14263.536414265009,14263.5364426322,14263.536438864525,14263.536437862378,14263.53643869556,14263.536437467435,14263.53641433856,14263.536432895646,14263.536415281935
4919.246997876925,6106.196960237264,6378.58779512395,7766.701871341445,9132.132981814186,10082.566644762337,10946.18924962395,11525.442916444528,12002.075642278198,12389.614687035497,12711.975065066541,12985.473384591776,13223.00198716332,13431.590038305638,13781.501668096626,13951.397125356842,14107.434896462613,14255.226295447315,14371.227639261451,14371.240136481085,14371.240543952243,14371.240716316815,14371.240753232352,14371.240767814134,14371.240770761242,14371.240796788112,14371.24078693673,14371.240777991037,14371.240776671966,14371.240762747751,14371.240821947315,14371.240758356704,14371.240813884384,14371.24078490722,14371.240788146597,14371.240767959667,14371.240790754397,14371.240786114526,14371.240771058663,14371.240764441267,14371.24077700106,14371.240790566515,14371.240788984587,14371.240762590229,14371.24078865289,14371.24076352843,14371.240791195589,14371.240786848179,14371.240770818977,14371.240756762263
4919.247011104447,6031.770719536485,6403.425555539366,7805.598606328536,9180.921226564304,10150.725024543191,11030.597560329932,11620.61953723183,12112.379229686783,12513.704498965484,12850.195735654701,13137.49383235181,13388.770325674222,13611.236089389427,13810.876089275649,13992.883589840147,14157.374290932006,14279.117950499583,14279.130755488739,14279.13107036872,14279.131380239463,14279.131419153264,14279.13143921801,14279.131426441478,14279.131422618591,14279.13142011284,14279.131440928897,14279.131432257815,14279.131430862106,14279.131419733369,14279.131426990974,14279.131447835067,14279.131425567854,14279.131441336312,14279.131428602457,14279.131435837939,14279.131438879025,14279.131439455365,14279.131433458997,14279.131455938239,14279.131451747418,14279.131454781891,14279.131434946357,14279.13143217915,14279.131436494266,14279.131438339231,14279.13145458087,14279.13145716992,14279.131442733673,14279.131439883131
4919.247004727475,6043.534753278917,6428.344935244628,7743.564930451633,9121.380238231995,10215.445789384132,11112.753980325986,11715.914365238157,12223.767312894937,12638.208513934967,12988.416417589791,13289.652944234214,13554.623992969335,13790.836772431947,14004.601766961172,14197.547256386646,14333.68068974089,14333.675388583735,14333.673781092562,14333.67405891448,14333.67421924806,14333.67422916764,14333.674214342369,14333.674229406357,14333.674241850413,14333.674247630144,14333.674235890954,14333.674231766421,14333.674256870432,14333.67423538581,14333.674219549235,14333.674232423293,14333.674258446266,14333.674239644335,14333.674248342202,14333.674255412901,14333.674228013278,14333.674210750169,14333.674257513927,14333.674233482501,14333.674222730308,14333.674246469884,14333.674247554227,14333.674218717391,14333.674258655901,14333.67423179491,14333.674250350718,14333.674219427943,14333.67423044059,14333.67424622423
4919.247019073548,6055.37741898259,6453.089105744779,7781.891181261683,9179.603416277649,10292.100122677026,11193.093396997854,11813.91334109963,12334.868448046485,12763.075078104974,13126.979292214568,13441.946125391152,13721.023188116013,13970.752603469573,14195.398256064282,14360.945171503548,14360.962623800808,14360.96439156006,14360.964597505841,14360.964756278738,14360.964755339566,14360.964770445453,14360.964770261224,14360.964757690072,14360.96478585565,14360.96476408393,14360.964774938493,14360.964751653442,14360.96478454582,14360.964776867173,14360.964771581675,14360.964741530308,14360.964786340988,14360.964784329302,14360.964763397304,14360.964758154349,14360.964783041412,14360.96475444884,14360.964760915673,14360.964771379935,14360.964781466746,14360.964789926134,14360.964782142764,14360.96474159329,14360.964783057307,14360.964753016493,14360.96477458747,14360.964764483,14360.964760968274,14360.964755212282
4919.2470195432015,6067.13980574254,6477.7952706765645,7820.146753144157,9227.657247013647,10239.911320209947,11275.156682158005,11911.53999582178,12443.86992911497,12887.505938574015,13265.098907527912,13593.552193835014,13886.398932953916,14150.02868508059,14360.810101124744,14360.82109066007,14360.822128353662,14360.822344629514,14360.822514154548,14360.822561449691,14360.822539141782,14360.822557148414,14360.822557120237,14360.822566182349,14360.822568269257,14360.822542287382,14360.82255412561,14360.822552315876,14360.822579136433,14360.822556506075,14360.822574816057,14360.822549482302,14360.822553270671,14360.822560761584,14360.822558842974,14360.822558467844,14360.822530889598,14360.822539874476,14360.822548752143,14360.822561358636,14360.822564223756,14360.822546413432,14360.822545784482,14360.822537887145,14360.822555882383,14360.822539372683,14360.82255598204,14360.822595745172,14360.822551442621,14360.822583680068
4919.247020998462,5991.886841732145,6502.449877561393,7858.293398689367,9289.327567901384,10306.969022386105,11221.064976011066,12010.571206933186,12553.321533162904,13012.289612367429,13403.399505972964,13746.195325120096,14052.50412691553,14315.978144211374,14333.312305936615,14333.318185573478,14333.31877636858,14333.318883402997,14333.319024844335,14333.319021305944,14333.319045979584,14333.319042558303,14333.31907402881,14333.319046213452,14333.319037640169,14333.319049791871,14333.319043682388,14333.31905910159,14333.319039357964,14333.319069741076,14333.319039303464,14333.319048316454,14333.319032613208,14333.319052607381,14333.319032471738,14333.319062451958,14333.319031913603,14333.31902632066,14333.319051964358,14333.319028821566,14333.319081950798,14333.319066984555,14333.319058627427,14333.319031161838,14333.319037267911,14333.319058981246,14333.319042477162,14333.31904777627,14333.319018721098,14333.319030566221
4919.247092997064,6003.408227609671,6532.022860670397,7896.282684842913,9216.031980569895,10374.092414937782,11165.094921836728,12105.68682907183,12664.800390923308,13136.104932100776,13541.210630052878,13897.324291916555,14210.054571941728,14276.545524459823,14276.55648966305,14276.558196954511,14276.558428817745,14276.558535736538,14276.558563033346,14276.558558458864,14276.55853257239,14276.55853867867,14276.558549469568,14276.558538063295,14276.558553888235,14276.558560156429,14276.558536221084,14276.55855352268,14276.558533506153,14276.558555061454,14276.558553083289,14276.558553712111,14276.558552607954,14276.558544789958,14276.55854263823,14276.55852177908,14276.558531210154,14276.558552907698,14276.558525810398,14276.558533060981,14276.558540561246,14276.558540901393,14276.55854485672,14276.558530439497,14276.558562659704,14276.558547083738,14276.558563264847,14276.558557692322,14276.558536109958,14276.558536951188
4919.247144714812,6015.163773200878,6556.206737323227,7934.0500922433375,9263.192533009247,10441.211056288885,11243.025264899816,12200.759332604139,12779.975901004029,13259.631697460589,13679.667521944979,14047.938321713746,14188.338326763118,14188.368293305619,14188.372255050263,14188.372647895056,14188.372768757788,14188.37293215921,14188.37290923671,14188.372921825836,14188.372912887888,14188.37291619926,14188.372925751923,14188.37292193565,14188.372918746147,14188.37292018233,14188.372925200658,14188.37292897442,14188.372921844828,14188.372920281334,14188.37290794521,14188.372904084636,14188.37291982237,14188.372926944141,14188.372918916575,14188.372919037036,14188.372914974108,14188.372919945654,14188.37291956077,14188.372927607441,14188.372920625567,14188.372923484678,14188.37293392844,14188.372913165276,14188.37292856289,14188.372918780613,14188.37291834141,14188.37293464874,14188.372941616795,14188.372916789758
4919.24719200455,5939.953651115064,6580.178454116731,7971.536725258384,9315.221086991833,10506.686270904416,11320.99259254411,12154.792237542617,12735.896084819055,13383.480024149823,13816.31696795912,14068.081841844274,14068.132560157785,14068.14060991334,14068.141771639406,14068.14202970371,14068.142230814594,14068.142254635823,14068.142247153286,14068.142250400184,14068.142255820603,14068.142240287205,14068.142240409446,14068.142260587561,14068.142260279606,14068.142251998666,14068.142246685937,14068.142250146795,14068.142241706719,14068.142242019057,14068.142255507471,14068.14226497101,14068.142241310743,14068.142261478259,14068.14224790933,14068.142256743804,14068.142269021555,14068.142228189137,14068.142247168455,14068.142246317575,14068.14224744076,14068.14226515921,14068.142243673721,14068.142251896681,14068.142262209896,14068.14224489377,14068.142250723444,14068.142231377897,14068.142255785244,14068.142249193312
4919.247197034057,5864.233327849299,6603.716847822227,7904.3424172964615,9378.932718344751,10436.550946807383,11398.672793035546,12110.818057661452,12842.777180859392,13342.948008854952,13742.461844106625,13742.487447749709,13742.507527252845,13742.511422100739,13742.512032559745,13742.512138611235,13742.512303019124,13742.512309325633,13742.512305193046,13742.51231102387,13742.512304749172,13742.512310051505,13742.512307149,13742.512315606618,13742.512316915348,13742.512321027256,13742.512309064035,13742.512308825342,13742.512308907968,13742.512301508646,13742.51230266055,13742.51230025693,13742.512316989862,13742.512304841102,13742.512322130182,13742.51231652534,13742.512321938773,13742.512311296348,13742.51231439076,13742.512301192333,13742.512311511924,13742.51231186622,13742.512306700282,13742.512303298756,13742.512313018515,13742.512317348685,13742.5123131731,13742.512314097741,13742.512301618808,13742.512297947322
4919.247271008358,5875.646449889223,6627.0964690736155,7836.11165404435,9420.390622857238,10363.70558045076,11475.878466775193,12203.200265651258,12948.99511573722,13457.07917120334,13547.580736075985,13547.635069393507,13547.645284666049,13547.646812221765,13547.647088558531,13547.64718590604,13547.647166770821,13547.647187419358,13547.647183449595,13547.647179508174,13547.647185550482,13547.647197063125,13547.647199844705,13547.647172791336,13547.6471777914,13547.647193246283,13547.647185446676,13547.647180397957,13547.647201075271,13547.647192581555,13547.64718568454,13547.64718085225,13547.64716108874,13547.647189749263,13547.6471909957,13547.64717882544,13547.647180018888,13547.64718627175,13547.647191411066,13547.647178626272,13547.647185403306,13547.647186615832,13547.647190271915,13547.647190398755,13547.647196662732,13547.647182274482,13547.647177883726,13547.647177409457,13547.647167197376,13547.647176796692
4919.247251435187,5886.827290378242,6650.237659653032,7870.929703277781,9470.877512183602,10421.280693416187,11569.666561585116,12293.37219619274,12889.51443344181,13310.035300352005,13310.05493792008,13310.078865010939,13310.085384325177,13310.085888149692,13310.086133083023,13310.086175982255,13310.086178965737,13310.08618502244,13310.08619164528,13310.086175800627,13310.086179186674,13310.086167012141,13310.086180373724,13310.086183884387,13310.086195609787,13310.086191796967,13310.086177847865,13310.086176039016,13310.086178692425,13310.086179247148,13310.086181017874,13310.08619029963,13310.086184592974,13310.08615551767,13310.08618293604,13310.086179284333,13310.086177067145,13310.086167809326,13310.08616470986,13310.08616507626,13310.086183934121,13310.086167983596,13310.086183931038,13310.086192302097,13310.086183051175,13310.086192344907,13310.086183941114,13310.086189411226,13310.086182952598,13310.08617079825
4919.247162829539,5897.115036969821,6673.134139039029,7921.566890314003,9528.849445270696,10488.16768075264,11518.680353941194,12380.321815864083,12866.409969429804,12866.281443534328,13025.331914252569,13025.34901911901,13025.351977733495,13025.352415807425,13025.352431691928,13025.352428665588,13025.352428260916,13025.352438982141,13025.352438360145,13025.352440645167,13025.35242590686,13025.352430030585,13025.352431402456,13025.352432458127,13025.352423092363,13025.352442149466,13025.35243622514,13025.352437781481,13025.352421855354,13025.352431749308,13025.352413565966,13025.352428120972,13025.352432815096,13025.352431103827,13025.352433489086,13025.352436465428,13025.352428453867,13025.352424520437,13025.352423947535,13025.352430605517,13025.352433177075,13025.352436544841,13025.352433387154,13025.352442311003,13025.352435518236,13025.352428921939,13025.352421097185,13025.352435602515,13025.352422816542,13025.352433313925
4919.2470826939725,5908.160544919513,6696.3461593855545,7986.763969220184,9579.954859247027,10550.99939680822,11445.414104294901,12442.139679521319,12528.70659592947,12528.704181126623,12528.740924338674,12528.755297648442,12528.75596550506,12528.756092008598,12528.756058459841,12528.756054836853,12528.75605181361,12528.756048825164,12528.756056423574,12528.756046198389,12528.75604845604,12528.756056092452,12528.756047952793,12528.756059113442,12528.756053606281,12528.756049938265,12528.756049742859,12528.756041274206,12528.756041675246,12528.756049892809,12528.756056054437,12528.756062911203,12528.756056525612,12528.756055019378,12528.756055121876,12528.756051808796,12528.756057715897,12528.756066237025,12528.756048440764,12528.756054062998,12528.756058992501,12528.756052585053,12528.756056085413,12528.756044304171,12528.756052323477,12528.75605526829,12528.756055392974,12528.75605467699,12528.756054852272,12528.75604946314
4919.24703033694,5830.884341617169,6730.172621426498,8023.398740605383,9507.946045679877,10614.480071129477,11501.6113000316,11828.428460047502,11828.162943398274,11828.197242305436,11828.231061258672,11828.240548521899,11828.240642172112,11828.240315199459,11828.240275360256,11828.240279423982,11828.240272492936,11828.240274408694,11828.240274347445,11828.240278367319,11828.24027885268,11828.240277634945,11828.240263398528,11828.240273355346,11828.240274698412,11828.240277186245,11828.24027311869,11828.240279205436,11828.240266183193,11828.240269873877,11828.240272409274,11828.240281664166,11828.240280089736,11828.240271447234,11828.240277626948,11828.24027721731,11828.2402738426,11828.240277234105,11828.24027535917,11828.240268494677,11828.24026983869,11828.240268920725,11828.240278221683,11828.240274634578,11828.240281692295,11828.24027111933,11828.240270003611,11828.240277771405,11828.24027775495,11828.240275958717
4919.247030656904,5842.185241109153,6737.702935494049,8062.264812280042,9605.55360979139,10717.880106207258,11358.438301970526,11358.932054151317,11358.672780405348,11358.719153962895,11358.755690300253,11358.760483642922,11358.759899941768,11358.759460981399,11358.759459355155,11358.759452172919,11358.759451160571,11358.759460842417,11358.759451266367,11358.759457362015,11358.75945143823,11358.759452635513,11358.759458724942,11358.759457443544,11358.759458239443,11358.759458761931,11358.759455570651,11358.759462937203,11358.759455760886,11358.759455784228,11358.75945451404,11358.75945604057,11358.759455358288,11358.759453311135,11358.759454519684,11358.759452378066,11358.759456330215,11358.759455473282,11358.759455609385,11358.759450309439,11358.759460522755,11358.759449880887,11358.759452791583,11358.759463565095,11358.759452974688,11358.7594485581,11358.75945371737,11358.759451677712,11358.759457537199,11358.75944766972
4919.247072852454,5854.631971458619,6752.975093903587,8101.499915641117,9377.176985599765,10559.389194244726,10662.145118738612,10661.288226076253,10661.160865042739,10661.235955090855,10661.272078448477,10661.271569017537,10661.270811422071,10661.270422097692,10661.270421125377,10661.270417760885,10661.27042377324,10661.27042081451,10661.27042087081,10661.270421207271,10661.270418858612,10661.270417826934,10661.270425434333,10661.270420256416,10661.270427237341,10661.270422989957,10661.270423334025,10661.270424593822,10661.27042058639,10661.270420561876,10661.270419156317,10661.270421563906,10661.270420755154,10661.270425234145,10661.27042378803,10661.270423410695,10661.270425333587,10661.270417619546,10661.270418203445,10661.270421758998,10661.270414873874,10661.27042268976,10661.270421498939,10661.27041562017,10661.270423655138,10661.270423126429,10661.270418963577,10661.27042061569,10661.27042498896,10661.270420809362
4919.247022332093,5865.845429129949,6689.651844370024,8149.542318919578,9359.622861241294,9991.864184410957,9992.577052475224,9991.526258700624,9991.643247685357,9991.754104325735,9991.785269132244,9991.787346731018,9991.78733488393,9991.787350561584,9991.787348526044,9991.78735474551,9991.787350692855,9991.7873445539,9991.787352835814,9991.787347816015,9991.787350876295,9991.787349573888,9991.787346818985,9991.78735341754,9991.787342714986,9991.787357113733,9991.787352478366,9991.787346652496,9991.787351579711,9991.787350400886,9991.787353692354,9991.787354164906,9991.787347778563,9991.787347699274,9991.787352748912,9991.787356077528,9991.787349483167,9991.78734809544,9991.787354128322,9991.787353710768,9991.787349010085,9991.787352592388,9991.787349984072,9991.787348690474,9991.78735091363,9991.787350863979,9991.78735265581,9991.787348695063,9991.787351768548,9991.787346611696
4919.247103095414,5788.626829710813,6742.539392396934,8121.134809035505,8937.062558532556,9174.321852175857,9173.790281087386,9175.045409569737,9175.698297357678,9175.7455594087,9175.741851753577,9175.746185292635,9175.749422468412,9175.749422574594,9175.749417721434,9175.74940600429,9175.749417708032,9175.749422227867,9175.749422079281,9175.749413093363,9175.749434132144,9175.749415267719,9175.749437873099,9175.749418077272,9175.74940836153,9175.749421096922,9175.749425249016,9175.749426749151,9175.749434152453,9175.749418340612,9175.749425497572,9175.749397250365,9175.749432066867,9175.749436533593,9175.749397749756,9175.749412835716,9175.749418789805,9175.749423826495,9175.749426635239,9175.74943220959,9175.749434562256,9175.749401389052,9175.749431518467,9175.749418923077,9175.749419073081,9175.749404109427,9175.749417133837,9175.749421560859,9175.74942431067,9175.749420334529
4919.247251185768,5806.8489624715385,6726.586708155702,7842.785479006308,7953.8115845812445,8063.044224363723,8060.259018896221,8060.391301986002,8060.8623362653425,8060.822114526484,8060.827116128661,8060.824263986102,8060.822674824948,8060.822567027899,8060.822616078424,8060.822631617824,8060.822601947889,8060.822626843612,8060.8226801068,8060.822669512621,8060.8226153029855,8060.822634614749,8060.822618458326,8060.8226348512,8060.822661485643,8060.822627290973,8060.822656439912,8060.822630163181,8060.822651266549,8060.822619704824,8060.822584939924,8060.8226334434685,8060.8226412046015,8060.822626807142,8060.8226697892505,8060.822608380427,8060.82267093028,8060.822611354644,8060.822647020203,8060.822579375829,8060.822618482988,8060.822573278564,8060.822631873768,8060.82266742642,8060.822633997978,8060.822646781613,8060.822623501311,8060.822672330228,8060.822706651785,8060.822653393086
4919.247247708734,5780.940127435853,6592.0940056779145,6681.968261165091,6774.431504212851,6871.115521137693,6855.339835031974,6850.993719349992,6849.743073212821,6849.59221287589,6849.572666207446,6849.551577600982,6849.548815276431,6849.548635813633,6849.548870667606,6849.54866546283,6849.548834283521,6849.548449832592,6849.548166851414,6849.548616724238,6849.548667985551,6849.548670802703,6849.548613001629,6849.5486954442995,6849.548918387462,6849.548599960797,6849.548338641016,6849.54864860967,6849.548456621221,6849.548716597156,6849.548770951116,6849.548761383561,6849.548715282355,6849.548569540438,6849.548739951236,6849.548414980984,6849.548639313202,6849.548725773803,6849.548468826031,6849.548713618612,6849.548594762016,6849.548506763219,6849.548833962549,6849.548571852669,6849.548780257581,6849.548480560942,6849.548454594512,6849.548505671628,6849.548730507274,6849.548937058404
4919.247240549576,5734.144123684534,6524.599475937032,6604.4840115236,6598.249297331954,6684.140961642258,6772.784954628336,6771.90555428117,6771.4394245335525,6771.34436570154,6771.33404635503,6771.332991865156,6771.33308558136,6771.333141050251,6771.3330572077875,6771.332856897377,6771.332951814314,6771.33292500123,6771.333060198833,6771.332935966485,6771.332995594115,6771.332918983763,6771.332919291851,6771.333035920219,6771.332916202544,6771.332950049973,6771.33313277052,6771.332968687688,6771.332926916789,6771.332966154655,6771.3330098658,6771.333061066904,6771.333101183408,6771.333048726277,6771.333113469066,6771.333125283794,6771.332864185933,6771.332952128277,6771.333017333998,6771.332969949202,6771.333011080756,6771.33311333673,6771.332910483785,6771.333052506958,6771.33304465336,6771.332960397249,6771.33304015081,6771.332832505127,6771.333115780251,6771.332904328968
4919.247352152131,5714.508075617097,6508.935949592652,6589.739158417276,6589.435963344251,6678.202406033155,6764.268839276078,6763.856640403053,6763.963649739819,6763.9404764347055,6763.913145367856,6763.905492436981,6763.905480632122,6763.905471433443,6763.905486137526,6763.905545632647,6763.905455436154,6763.9054848990445,6763.905543868091,6763.905597581296,6763.9056165028605,6763.905556297536,6763.905471960379,6763.905503773546,6763.905539889235,6763.905488104811,6763.9055028343555,6763.905440564712,6763.905433212279,6763.90540121937,6763.905527397847,6763.905578093045,6763.905394105861,6763.905475223731,6763.905590303599,6763.9055031634225,6763.9055963678875,6763.905561913381,6763.905592413383,6763.905476470687,6763.905408907018,6763.9053995951535,6763.905447216512,6763.90561415654,6763.905567883095,6763.905543698483,6763.905627552404,6763.905458478114,6763.905563492025,6763.905616116941
4919.247299690888,5714.692255986893,6506.2054714833785,6586.4525084836705,6587.8527399179075,6673.770079024403,6761.079785456455,6761.091623446461,6761.169831463016,6761.209193625832,6761.228061962128,6761.23056112553,6761.230634668113,6761.2305636488145,6761.230486563027,6761.230535230709,6761.230528389555,6761.230525809467,6761.230505934385,6761.230564031565,6761.230549541765,6761.230657653118,6761.230467628222,6761.230467704771,6761.230541994926,6761.230497380811,6761.230440597228,6761.230618195712,6761.230577549004,6761.230500273561,6761.2305515758,6761.230504838447,6761.230440984039,6761.230571006119,6761.230346573524,6761.230631021925,6761.230482575919,6761.230543574152,6761.230558027474,6761.230489149371,6761.2305984565355,6761.230407678843,6761.230478278695,6761.230510105096,6761.230594395083,6761.230428601707,6761.230441103442,6761.230531796467,6761.230565495016,6761.230651491543
4919.2471066443395,5714.883345443351,6504.527332376291,6582.604102580176,6583.4224593977215,6669.931861237827,6669.7066433843,6757.840901883399,6757.91127294111,6757.94919449771,6757.963646968832,6757.963909793748,6757.963840263576,6757.96398439698,6757.963920399624,6757.963934398558,6757.963847437591,6757.963878434349,6757.963825217018,6757.963916297184,6757.963875159458,6757.963792576775,6757.963785101745,6757.963957021323,6757.963905147948,6757.9639367345835,6757.963802942081,6757.963814219486,6757.963812711982,6757.9638083939035,6757.963832258151,6757.963741115264,6757.963820065694,6757.963905699624,6757.963756088689,6757.963852417841,6757.963873972693,6757.96375658598,6757.963828259762,6757.963766073007,6757.963836245278,6757.963890061141,6757.963916596944,6757.963811686536,6757.96387648206,6757.963810839137,6757.963880643539,6757.9639418849565,6757.9637420877725,6757.963758991067
